method,conformal_variant,alpha,nominal_coverage,coverage,avg_width,precision,recall,f1,false_alarm_rate,missed_violations
Boosting point + global conformal,global,0.05,0.95,0.9552287581699347,0.0016100889157828686,0.9818569903948773,0.998914223669924,0.9903121636167922,0.0032698595883823814,1
VoltGuard topology-aware residual,topology_pv_loading_conditioned,0.05,0.95,0.9702614379084967,0.0005648908086485074,0.9913885898815931,1.0,0.9956756756756757,0.0015387574533564147,0
Boosting point + global conformal,global,0.1,0.9,0.9084967320261438,0.0010963713147436255,0.9860365198711063,0.996742671009772,0.9913606911447084,0.002500480861704174,3
VoltGuard topology-aware residual,topology_pv_loading_conditioned,0.1,0.9,0.9366013071895425,0.0004334041749204614,0.9967497291440953,0.998914223669924,0.9978308026030369,0.0005770340450086555,1
Boosting point + global conformal,global,0.15,0.85,0.8565359477124183,0.0008783522153530464,0.9934711643090316,0.991313789359392,0.9923913043478261,0.001154068090017311,8
VoltGuard topology-aware residual,topology_pv_loading_conditioned,0.15,0.85,0.9,0.00034494260366633154,0.9978308026030369,0.998914223669924,0.9983722192078134,0.00038468936333910367,1
Boosting point + global conformal,global,0.2,0.8,0.8044117647058824,0.0007524699871404221,0.9978070175438597,0.988056460369164,0.9929078014184397,0.00038468936333910367,11
VoltGuard topology-aware residual,topology_pv_loading_conditioned,0.2,0.8,0.842156862745098,0.00027697225147859175,0.998914223669924,0.998914223669924,0.998914223669924,0.00019234468166955183,1
