variant,group_cols,coverage,avg_width,precision,recall,false_alarm_rate,missed_violations,families,min_calibration_samples,min_test_samples,empty_test_families
topology+PV+loading,feeder+pv_bin+load_bin,0.9366013071895425,0.0004334041749203834,0.9967497291440953,0.998914223669924,0.0005770340450086555,1,16,198,69,0
topology+PV+loading+EV,feeder+pv_bin+load_bin+ev_bin,0.9491830065359477,0.000475803048258299,0.9913793103448276,0.998914223669924,0.0015387574533564147,1,55,33,0,7
topology+PV+EV,feeder+pv_bin+ev_bin,0.9485294117647058,0.0004963844911362401,0.9903121636167922,0.998914223669924,0.0017311021350259665,1,31,33,0,1
PV+loading+EV,pv_bin+load_bin+ev_bin,0.9400326797385621,0.00044788692636909264,0.9956709956709957,0.998914223669924,0.0007693787266782073,1,32,33,33,0
EV-only,ev_bin,0.9444444444444444,0.0005261425777307202,0.9935205183585313,0.998914223669924,0.001154068090017311,1,4,1359,1194,0
