{
  "method": "LinDistFlow physical backbone + global quantile",
  "seeds": [
    7,
    17,
    42
  ],
  "representative_seed": 7,
  "representative": {
    "split_name": "random_interpolation",
    "seed": 7,
    "method": "LinDistFlow physical backbone + global quantile",
    "conformal_variant": "global",
    "mae": 0.000921602503118454,
    "rmse": 0.0013986906434149203,
    "max_abs_error": 0.0066059391731750905,
    "coverage": 0.913562091503268,
    "avg_width": 0.004738587941649286,
    "precision": 0.979765708200213,
    "recall": 0.998914223669924,
    "f1": 0.989247311827957,
    "false_alarm_rate": 0.0036545489517214847,
    "missed_violations": 1,
    "scenario_precision": 0.9893617021276596,
    "scenario_recall": 1.0,
    "scenario_f1": 0.9946524064171123,
    "scenario_false_alarm_rate": 0.037037037037037035,
    "missed_risky_scenarios": 0,
    "test_scenarios": 120,
    "global_q": 0.002369293970824655,
    "calibration_samples": 6120,
    "test_bus_rows": 6120
  },
  "mean_numeric": {
    "seed": 22.0,
    "mae": 0.0009804885245913524,
    "rmse": 0.0014816072883086296,
    "max_abs_error": 0.006929540489205392,
    "coverage": 0.916285403050109,
    "avg_width": 0.005001689390045679,
    "precision": 0.9693589315242187,
    "recall": 0.9992575570528363,
    "f1": 0.984065923439891,
    "false_alarm_rate": 0.005129835342666283,
    "missed_violations": 0.6666666666666666,
    "scenario_precision": 0.9822695035460994,
    "scenario_recall": 1.0,
    "scenario_f1": 0.9910295322060029,
    "scenario_false_alarm_rate": 0.059174116645381004,
    "missed_risky_scenarios": 0.0,
    "test_scenarios": 120.0,
    "global_q": 0.0025008446950228447,
    "calibration_samples": 6120.0,
    "test_bus_rows": 6120.0
  },
  "scope": "OAJPE baseline only; no residual learner, no topology/PV/loading conditioning, no VoltGuard interval module."
}