method,variant,scenarios,drop_rmse_mean,drop_rmse_std,drop_mae_mean,drop_max_abs_p95,violating_only_drop_rmse
AC power-flow label,reference,120,0.0002375727630604911,0.00012359350539055741,0.0001005989398812361,0.0025163079980463723,0.00027167727374307016
Boosting point + global conformal,global,120,0.0005628924713450681,0.00033056221314335,0.000379279966485791,0.004631298445763156,0.0006209394801075317
Neural graph residual ablation,topology_conditioned,120,0.0031393888588016066,0.0012887083908795075,0.00243657178793701,0.014201435141708069,0.002903959711039688
VoltGuard topology-aware residual,topology_pv_loading_conditioned,120,0.00025038274488281445,0.0001295755920636724,0.00012188248197574754,0.0023946961733161136,0.0002791284660740282
